date,real,pred
2023-02-22,1832.0,1860.138494130791
2023-02-23,1818.0,1855.7792390378415
2023-02-24,1808.8000488281,1850.7774535551189
2023-02-27,1817.0,1842.5050720124407
2023-02-28,1828.9000244141,1843.3846405203385
2023-03-01,1837.6999511719,1840.673118134356
2023-03-02,1833.5,1848.670078730646
2023-03-03,1847.6999511719,1845.605545143503
2023-03-06,1847.9000244141,1845.0887531775634
2023-03-07,1813.9000244141,1839.2026999388386
2023-03-08,1812.6999511719,1836.372041103154
2023-03-09,1829.3000488281,1830.8799447734855
2023-03-10,1862.0,1835.765477457562
2023-03-13,1911.6999511719,1846.5791703604016
2023-03-14,1906.1999511719,1859.8757643665244
2023-03-15,1926.5999755859002,1863.0651097759194
2023-03-16,1919.0,1875.435489069941
2023-03-17,1969.8000488281,1880.2236786148442
2023-03-20,1979.1999511719,1901.730273049689
2023-03-21,1938.0,1903.9697442176405
2023-03-22,1946.8000488281,1893.5682382913135
2023-03-23,1993.8000488281,1889.7520293453101
2023-03-24,1982.0999755859,1903.1103170368217
2023-03-27,1952.4000244141,1928.7090014784042
2023-03-28,1972.4000244141,1935.4701065592944
2023-03-29,1966.0999755859,1941.5222244441047
2023-03-30,1980.3000488281,1939.9732075285206
2023-03-31,1969.0,1947.918306494089
2023-04-03,1983.9000244141,1955.345430991454
2023-04-04,2022.1999511719,1952.2082207347078
2023-04-05,2020.9000244141,1972.5547607946135
2023-04-06,2011.9000244141,1978.7720349212746
2023-04-10,1989.0999755859,1985.8104446202608
2023-04-11,2004.8000488281,1985.2435976301438
2023-04-12,2010.9000244141,1989.5029122101505
2023-04-13,2041.3000488281,1979.5284019493192
2023-04-14,2002.1999511719,1980.8643095299478
2023-04-17,1994.1999511719,1978.2965813836206
2023-04-18,2007.4000244141,1988.7502347708469
2023-04-19,1995.1999511719,1992.4905946784172
2023-04-20,2007.5999755859,1992.538311235094
2023-04-21,1979.5,2009.5766889716394
2023-04-24,1989.0999755859,1990.017023430185
2023-04-25,1994.0,1992.417986637901
2023-04-26,1985.6999511719,1998.412329567627
2023-04-27,1989.9000244140998,1994.9636184019064
2023-04-28,1990.0999755859,1996.751161626005
2023-05-01,1983.4000244141,1996.3520785078401
2023-05-02,2014.3000488281,1998.2985435891328
2023-05-03,2028.5999755859002,1998.8473858327125
2023-05-04,2048.0,2008.268245428761
2023-05-05,2017.4000244141,2016.7590406525114
2023-05-08,2026.3000488281,2005.2029535986144
2023-05-09,2036.1999511719,1998.5417334876386
2023-05-10,2030.5,2001.1659375056988
2023-05-11,2014.6999511719,2020.7645342434912
2023-05-12,2014.5,2016.8216859862703
2023-05-15,2018.0,2003.9421928790168
2023-05-16,1988.4000244141,2002.7966240648564
2023-05-17,1980.6999511719,1999.6059495009165
2023-05-18,1956.5,2007.4492699959205
2023-05-19,1978.6999511719,2004.6718343137034
2023-05-22,1974.8000488281,1998.9818336179449
2023-05-23,1972.4000244141,1998.9386622017414
2023-05-24,1962.8000488281,1991.747179113291
2023-05-25,1943.0999755859,1997.2649869213585
2023-05-26,1944.0999755859,1984.8328885390963
2023-05-30,1958.0,1975.5070340347356
2023-05-31,1963.9000244141,1975.46460241675
2023-06-01,1978.0,1980.2723379551953
2023-06-02,1952.4000244141,1983.1453227226548
2023-06-05,1958.0,1965.2536753861502
2023-06-06,1965.5,1962.1892998018423
2023-06-07,1942.6999511719,1963.0400039343465
2023-06-08,1963.5999755859,1962.796730808125
2023-06-09,1962.1999511719,1962.672516779654
2023-06-12,1955.3000488281,1963.44870634675
2023-06-13,1944.5999755859,1959.3976143425964
2023-06-14,1955.3000488281,1954.4557955836367
2023-06-15,1957.8000488281,1959.8604299375897
2023-06-16,1958.4000244141,1965.4017596185017
2023-06-20,1935.5,1961.4879041844836
2023-06-21,1933.3000488281,1956.5377882270964
2023-06-22,1912.6999511719,1948.7343467864189
2023-06-23,1919.0999755859,1943.9285292906077
2023-06-26,1923.6999511719,1937.0143497579693
2023-06-27,1914.0,1932.4533469920173
2023-06-28,1912.3000488281,1936.5371494094622
2023-06-29,1909.1999511719,1935.6954905031075
2023-06-30,1921.0999755859,1939.0255148911751
2023-07-03,1921.6999511719,1934.1051550428922
2023-07-05,1919.5999755859,1930.9179614808697
2023-07-06,1908.6999511719,1926.0925338406964
2023-07-07,1926.1999511719,1915.7729540349687
2023-07-10,1925.0,1920.8919379359236
2023-07-11,1931.3000488281,1931.7637674607795
2023-07-12,1956.1999511719,1926.7096965885905
2023-07-13,1959.1999511719,1934.4496914487825
2023-07-14,1960.0999755859,1934.1104641208906
2023-07-17,1952.4000244141,1939.505587218948
2023-07-18,1977.1999511719,1937.2678583346733
2023-07-19,1977.5,1946.1302096634645
2023-07-20,1968.3000488281,1950.0010539437458
2023-07-21,1964.3000488281,1942.5098750206391
2023-07-24,1960.3000488281,1942.8387086765151
2023-07-25,1962.0999755859,1948.2020047098933
2023-07-26,1968.9000244141,1958.5317257827357
2023-07-27,1945.4000244141,1959.560777512607
2023-07-28,1960.4000244141,1952.9888166847315
2023-07-31,1970.5,1953.0176860539696
2023-08-01,1940.6999511719,1959.204621888237
2023-08-02,1937.4000244141,1957.3317435769977
2023-08-03,1932.0,1951.7009341836686
2023-08-04,1939.5999755859,1947.0874682072842
2023-08-07,1933.5,1946.2017574486074
2023-08-08,1924.0999755859,1945.065777742123
2023-08-09,1915.4000244141,1945.6987796532028
2023-08-10,1914.4000244141,1940.955498071107
2023-08-11,1912.9000244141,1931.6015052296596
2023-08-14,1910.5999755859,1931.3369279539738
2023-08-15,1902.5,1927.6382903605916
2023-08-16,1896.0999755859,1927.593525255563
2023-08-17,1884.0999755859,1918.2244431142028
2023-08-18,1886.0999755859,1913.423029871703
2023-08-21,1893.3000488281,1910.7009553218213
2023-08-22,1896.4000244141,1908.8960081820742
2023-08-23,1918.5,1916.2022871671168
2023-08-24,1918.1999511719,1916.9186357046879
2023-08-25,1911.0999755859,1918.1089593052168
2023-08-28,1917.9000244141,1917.2358233845548
2023-08-29,1936.5,1912.0270246705543
2023-08-30,1944.3000488281,1915.8046404687452
2023-08-31,1938.1999511719,1921.5076102559365
2023-09-01,1939.8000488281,1916.6201624395737
2023-09-05,1926.1999511719,1920.1631802305078
2023-09-06,1918.0999755859,1918.28232004022
2023-09-07,1917.5,1918.9905775212999
2023-09-08,1918.4000244141,1915.512259836348
2023-09-11,1923.3000488281,1915.5997296094133
2023-09-12,1911.3000488281,1923.2244864948013
2023-09-13,1909.0999755859,1920.4451251667087
2023-09-14,1910.0,1921.4446273489546
2023-09-15,1923.6999511719,1919.0090848566792
2023-09-18,1931.5,1925.958140512742
2023-09-19,1932.0,1929.9991272039113
2023-09-20,1945.5999755859,1927.0891715074083
2023-09-21,1919.1999511719002,1932.4011480434324
2023-09-22,1925.4000244141,1922.7948169187957
2023-09-25,1916.5999755859,1918.7884973577497
2023-09-26,1900.4000244141,1912.0765322201573
2023-09-27,1871.5999755859,1909.0370269762057
2023-09-28,1860.4000244141,1899.4473626743318
2023-09-29,1848.0999755859,1891.6876769537212
2023-10-02,1830.0,1891.4162667804762
2023-10-03,1824.5999755859002,1882.3256459280135
2023-10-04,1818.5,1876.9612700428804
2023-10-05,1816.5999755859,1874.0424432254663
2023-10-06,1830.1999511719,1873.6105139058727
2023-10-09,1849.5,1877.6576244543628
2023-10-10,1861.0000000000002,1875.773357948683
2023-10-11,1872.8000488281,1876.5213692474679
2023-10-12,1869.3000488281,1869.701256977063
2023-10-13,1927.4000244141,1865.8358762362666
2023-10-16,1921.0999755859,1879.7277477542518
2023-10-17,1922.6999511719,1884.0635223211596
2023-10-18,1955.3000488281,1885.595918465199
2023-10-19,1968.4000244141,1885.3733434781163
2023-10-20,1982.5,1892.281996672186
2023-10-23,1976.3000488281,1914.3226229859206
2023-10-24,1975.0,1918.0398320333425
2023-10-25,1984.0999755859,1924.250701267501
2023-10-26,1987.1999511718998,1931.728550876629
2023-10-27,1988.5999755859,1940.3093309708152
2023-10-30,1996.1999511719,1951.4583574624007
2023-10-31,1985.1999511719,1957.8231858658983
2023-11-01,1978.8000488281,1967.8523399446829
2023-11-02,1985.5999755859,1959.7101259565113
2023-11-03,1991.5,1968.356429986583
2023-11-06,1981.5999755859,1975.666445016838
2023-11-07,1966.8000488281,1976.6988736445746
2023-11-08,1951.5,1966.6186539194841
2023-11-09,1964.1999511719,1952.9396567399795
2023-11-10,1932.5999755859,1963.778737065329
2023-11-13,1945.5,1958.497154906007
2023-11-14,1961.8000488281,1957.9958931053204
2023-11-15,1960.0999755859,1965.0570601325574
2023-11-16,1983.9000244141,1965.3892885389255
2023-11-17,1981.5999755859,1972.9213840335444
2023-11-20,1977.6999511718998,1979.4610716624131
2023-11-21,1999.3000488281,1975.0352521958278
2023-11-22,1991.4000244141,1976.2810876043256
2023-11-24,2002.1999511719,1969.43556504569
2023-11-27,2011.8000488281,1978.5534674589335
2023-11-28,2039.6999511719,1983.0416335007847
2023-11-29,2047.0999755859,1995.944321480476
2023-11-30,2038.0999755859002,1996.7688895557212
2023-12-01,2071.0,2004.8230243645228
2023-12-04,2024.0999755859,2019.1289159322914
2023-12-05,2018.5,2009.6636513039264
2023-12-06,2030.5,2007.4406423053847
2023-12-07,2029.9000244141,2004.14074492439
2023-12-08,1998.3000488281,2012.0859342731549
2023-12-11,1978.0,2007.959060745482
2023-12-12,1977.8000488281,2001.0778997807713
2023-12-13,1982.3000488281,2009.5943747017743
2023-12-14,2030.1999511719,2005.5337178304487
2023-12-15,2021.0999755859,2029.0432937804708
2023-12-18,2026.3000488281,2026.2418374376432
2023-12-19,2038.4000244141,2018.2251120835729
2023-12-20,2034.5,2022.3895440345113
2023-12-21,2039.0999755859,2017.853845785507
2023-12-22,2057.1000976562,2026.6433121407629
2023-12-26,2058.1999511719,2025.083124800954
2023-12-27,2081.8999023438,2026.0938939899181
2023-12-28,2073.8999023438,2029.843338027252
2023-12-29,2062.3999023438,2032.3556603018926
2024-01-02,2064.3999023438,2043.9330614302662
2024-01-03,2034.1999511719,2039.618143782494
2024-01-04,2042.3000488281,2027.3539248097973
2024-01-05,2042.4000244141,2036.885999828419
2024-01-08,2026.5999755859,2041.7760750366367
2024-01-09,2026.4000244141,2041.5537900014408
2024-01-10,2021.6999511719,2044.8863911384453
2024-01-11,2014.3000488281,2037.5310770707258
2024-01-12,2046.6999511719,2034.0959068401855
2024-01-16,2026.0,2047.7756850692479
2024-01-17,2002.5999755859,2051.470184704329
2024-01-18,2018.5999755859,2030.9633399983331
2024-01-19,2026.5,2024.0232623839
2024-01-22,2019.8000488281,2017.7195508120758
2024-01-23,2023.6999511719,2022.1593057564564
2024-01-24,2013.9000244141,2032.010985082057
2024-01-25,2016.9000244141,2022.0394684129717
2024-01-26,2016.8000488281,2024.5058408858606
2024-01-29,2025.1999511719,2022.0671543159617
2024-01-30,2031.5,2024.6945987708664
2024-01-31,2048.3999023438,2025.3782822798075
2024-02-01,2053.0,2027.9202775914546
2024-02-02,2036.0999755859,2029.9362262283291
2024-02-05,2025.6999511719,2036.9656921715139
2024-02-06,2034.5,2030.615479644191
2024-02-07,2035.1999511719,2032.401068630012
2024-02-08,2032.1999511719,2028.3989503922644
2024-02-09,2023.3000488281,2023.525786204483
2024-02-12,2018.1999511719,2026.1276134405803
2024-02-13,1992.9000244141,2028.098266542856
2024-02-14,1990.3000488281,2014.6897144816437
2024-02-15,2002.0999755859,2016.3148829184997
2024-02-16,2011.5,2016.0310430820387
2024-02-20,2027.5,2019.8836590256412
2024-02-21,2022.3000488281,2030.448269141293
2024-02-22,2019.6999511719,2026.4566665614723
2024-02-23,2038.5999755859,2021.0386633136638
2024-02-26,2028.5,2025.283149994885
2024-02-27,2034.0,2025.1033512074953
2024-02-28,2033.0,2026.1040321254006
2024-02-29,2045.6999511719,2017.421397569715
2024-03-01,2086.8999023438,2023.6903179918959
2024-03-04,2117.6999511719,2036.388112369638
2024-03-05,2133.4999999999995,2054.1243813619376
2024-03-06,2150.3000488281,2070.3370167138164
2024-03-07,2158.0,2079.0974937177216
2024-03-08,2178.6000976562,2088.9504529893197
2024-03-11,2182.5,2102.663472353486
2024-03-12,2160.3999023438,2104.418585449062
2024-03-13,2175.3999023438,2092.925535718676
2024-03-14,2163.0,2093.0846413449344
2024-03-15,2157.3000488281,2103.844714835627
2024-03-18,2160.6999511719,2113.6060657596317
2024-03-19,2156.3000488281,2123.0331462598087
2024-03-20,2157.8999023438,2124.571818174757
2024-03-21,2182.3999023438,2121.3081522746797
2024-03-22,2158.1000976562,2131.285525348569
2024-03-25,2174.8000488281,2129.740418629399
2024-03-26,2175.6000976562,2140.0888567611737
2024-03-27,2190.6000976562,2143.6795571163902
2024-03-28,2217.3999023438005,2145.4217377815617
2024-04-01,2236.5,2154.8196675997337
2024-04-02,2261.0,2166.153345203946
2024-04-03,2294.3999023438,2175.938991823968
2024-04-04,2288.8000488281,2189.0175176477264
2024-04-05,2325.6999511719,2186.603624464046
2024-04-08,2331.6999511719,2202.527054332874
2024-04-09,2343.5,2211.7099346360146
2024-04-10,2329.6000976562,2226.6893172636856
2024-04-11,2354.8000488281,2223.241965542985
2024-04-12,2356.1999511719,2236.293637068382
2024-04-15,2365.8000488281,2237.2846481206357
2024-04-16,2390.8000488281,2256.4593533552274
2024-04-17,2371.6999511719,2263.521522861186
2024-04-18,2382.3000488281,2267.220232845691
2024-04-19,2398.3999023438,2281.403902272059
2024-04-22,2332.1999511719,2287.8447563111636
2024-04-23,2327.6999511719,2273.180948991015
2024-04-24,2324.5,2278.886727940744
2024-04-25,2329.8000488281,2261.504416448759
2024-04-26,2334.8000488281,2282.7150481256067
2024-04-29,2345.3999023438,2285.989152124592
2024-04-30,2291.3999023438,2295.1003147616966
2024-05-01,2299.8999023438,2280.8209177254375
2024-05-02,2299.1999511719,2280.4299106816206
2024-05-03,2299.0,2280.0680625175783
2024-05-06,2321.6000976562,2284.349246332067
2024-05-07,2315.1999511719,2284.6580357601624
2024-05-08,2313.6000976562,2279.1859083249515
2024-05-09,2332.1000976562,2276.8080128969486
2024-05-10,2367.3000488281,2286.6266559507026
2024-05-13,2336.1000976562,2294.8770341216514
2024-05-14,2353.3999023437996,2295.782077025821
2024-05-15,2388.6999511719,2287.724798120616
2024-05-16,2380.0,2285.5729427013644
2024-05-17,2412.1999511718996,2291.012840728676
2024-05-20,2433.8999023438,2305.9327405200374
2024-05-21,2421.6999511719,2307.48549253953
2024-05-22,2389.1999511719,2320.0511684784765
2024-05-23,2335.0,2302.578966669734
2024-05-24,2332.5,2291.6535050458747
2024-05-28,2355.1999511719,2294.5565776941835
2024-05-29,2340.3000488281,2288.082384682324
2024-05-30,2342.8999023438,2281.256976348525
2024-05-31,2322.8999023438,2285.391016479015
2024-06-03,2346.6000976562,2287.3240326914874
2024-06-04,2325.5,2315.3476570608195
2024-06-05,2354.1000976562,2314.6483720131846
2024-06-06,2370.3000488281,2313.0370964037816
2024-06-07,2305.1999511719,2302.741775318031
2024-06-10,2307.6999511719,2279.2627977734255
2024-06-11,2307.5,2279.494958534453
2024-06-12,2336.0,2270.157207611417
2024-06-13,2300.1999511719,2295.9502955128364
2024-06-14,2331.3999023438,2272.344383984056
2024-06-17,2312.3999023438,2279.1812743421
2024-06-18,2330.3999023438,2283.537544297769
2024-06-20,2353.8000488281,2283.3784415467962
2024-06-21,2316.3999023438,2296.617823689126
2024-06-24,2330.0,2274.2473617700443
2024-06-25,2316.6000976562,2280.302024845893
2024-06-26,2299.1999511719,2267.8840064151304
2024-06-27,2324.5,2271.058084705271
2024-06-28,2327.6999511719,2285.420553123341
2024-07-01,2327.6000976562,2270.768272630514
2024-07-02,2323.0,2263.8683875043703
2024-07-03,2359.8000488281,2251.7692106425166
2024-07-05,2388.5,2281.5489953220417
2024-07-08,2355.1999511719,2303.9333348240352
2024-07-09,2360.1000976562,2293.089583372739
2024-07-10,2372.1999511719,2282.4204379781813
2024-07-11,2415.0,2281.867189012071
2024-07-12,2414.0,2299.9925132218223
2024-07-15,2422.8999023438,2314.1341715641242
2024-07-16,2462.3999023438,2321.310553671767
2024-07-17,2454.8000488281,2330.104971939532
2024-07-18,2451.8000488281,2315.2134788195017
2024-07-19,2395.5,2334.226729834603
2024-07-22,2392.0000000000005,2322.3803325140893
2024-07-23,2404.6000976562,2320.462282998524
2024-07-24,2413.3000488281,2321.845448277574
2024-07-25,2351.8999023438,2318.4608119115583
2024-07-26,2380.0,2323.455241527828
2024-07-29,2377.3000488281,2331.1908063549918
2024-07-30,2405.0,2333.8601582685947
2024-07-31,2426.5,2348.83597292601
2024-08-01,2435.0,2355.4181081980614
2024-08-02,2425.6999511719,2358.394530356711
2024-08-05,2401.6999511719,2348.0759062557804
2024-08-06,2389.1000976562,2337.8559999671047
2024-08-07,2390.5,2335.0935720177586
2024-08-08,2422.1999511719,2328.7865682634297
2024-08-09,2432.1000976562,2342.102651420665
2024-08-12,2462.3999023438,2349.4940238987083
2024-08-13,2466.6999511719,2354.486582743863
2024-08-14,2439.3999023438,2359.9847884933424
2024-08-15,2453.1000976562,2352.002675631181
2024-08-16,2498.6000976562,2373.240732265842
2024-08-19,2501.8000488281,2375.074206596913
2024-08-20,2511.3000488281,2386.0497335738905
2024-08-21,2508.3999023438005,2382.1746283900497
2024-08-22,2478.8999023438,2384.71529708929
2024-08-23,2508.3999023438005,2382.6105816913114
2024-08-26,2517.6999511719,2387.1486146685224
2024-08-27,2516.0,2386.2035379977146
2024-08-28,2501.0,2400.320583440117
2024-08-29,2525.6999511719,2399.1728352444197
2024-08-30,2493.8000488281,2397.2591879723004
2024-09-03,2489.8999023438,2394.9663398337
2024-09-04,2493.3999023438,2399.152565366708
2024-09-05,2511.3999023438,2412.2557371886196
2024-09-06,2493.5,2417.319477184191
2024-09-09,2501.8000488281,2421.0571448967503
2024-09-10,2512.3000488281,2417.633332550575
2024-09-11,2512.1000976562,2419.737656604104
2024-09-12,2551.1999511719,2414.4857214456147
2024-09-13,2581.3000488281,2423.495115034745
2024-09-16,2580.3999023438,2441.217731636131
2024-09-17,2564.3000488281,2446.2154430996925
2024-09-18,2570.6999511719,2447.9520804676854
2024-09-19,2588.0,2442.8770238811057
2024-09-20,2619.8999023438005,2444.643058685786
2024-09-23,2626.5,2449.986406357991
2024-09-24,2651.1999511719,2466.4192949603985
2024-09-25,2659.1999511719,2474.2293041013913
2024-09-26,2669.8999023438,2488.421408530894
2024-09-27,2644.3000488281,2494.4951513198735
2024-09-30,2636.1000976562,2489.728878058933
2024-10-01,2667.3000488281,2484.5057243767733
2024-10-02,2647.1000976562,2502.0167722344413
2024-10-03,2657.1000976562,2501.636710091896
2024-10-04,2645.8000488281,2504.947527174171
2024-10-07,2644.8000488281,2506.5956718581538
2024-10-08,2615.0,2516.213469755685
2024-10-09,2606.0,2507.6923864321757
2024-10-10,2620.6000976562,2502.280791681384
2024-10-11,2657.6000976562,2521.309639961065
2024-10-14,2647.8000488281,2526.1450013459353
2024-10-15,2661.3999023438,2526.5434831426855
2024-10-16,2674.0,2522.149294172658
2024-10-17,2691.0,2531.1060039743497
2024-10-18,2713.6999511719,2546.868068537952
2024-10-21,2723.1000976562,2559.266473256298
2024-10-22,2744.1999511719,2560.528925965045
2024-10-23,2714.3999023438,2553.75469869412
2024-10-24,2734.8999023438,2537.8588015674595
2024-10-25,2740.8999023438,2545.7178294267032
2024-10-28,2742.8999023438,2560.0259953735977
2024-10-29,2768.3999023438,2572.0626465144696
2024-10-30,2788.5,2582.495250997902
2024-10-31,2738.3000488281,2584.902883480322
2024-11-01,2738.6000976562,2591.3264781496773
2024-11-04,2736.1000976562,2579.4661907617797
2024-11-05,2740.3000488281,2581.8225465963205
2024-11-06,2667.6000976562,2589.8732781930994
2024-11-07,2698.3999023438,2572.9104055506814
2024-11-08,2687.5,2577.623883824069
2024-11-11,2611.1999511719,2572.7747881712908
2024-11-12,2600.0,2566.5198657685355
2024-11-13,2580.8000488281,2550.258686535502
2024-11-14,2568.1999511719,2533.1826591851336
2024-11-15,2565.6999511719,2539.1773944906454
2024-11-18,2610.6000976562,2540.07979752153
2024-11-19,2627.1000976562,2546.347077218716
2024-11-20,2648.1999511719,2554.149325388184
2024-11-21,2672.1000976562,2547.8292055173038
2024-11-22,2709.8999023438,2560.441991802749
2024-11-25,2616.8000488281,2556.919003849516
2024-11-26,2620.3000488281,2539.9639173811365
2024-11-27,2639.8999023438,2518.7792855069188
2024-11-29,2657.0,2502.4496518918518
2024-12-02,2634.8999023438,2513.1308962135063
2024-12-03,2644.6999511719,2510.5682056972996
2024-12-04,2653.8000488281,2508.2630607309134
2024-12-05,2626.6000976562,2523.6461828199654
2024-12-06,2638.6000976562,2535.5783164391373
2024-12-09,2664.8999023438,2542.4906573427875
2024-12-10,2697.6000976562,2531.12894027098
2024-12-11,2733.8000488281,2543.9316982798537
2024-12-12,2687.5,2564.0975070708073
2024-12-13,2656.0,2527.4803903376255
2024-12-16,2651.3999023438,2535.9128220404723
2024-12-17,2644.3999023438005,2530.267863021384
2024-12-18,2636.5,2536.290089619245
2024-12-19,2592.1999511719,2509.6492773780365
2024-12-20,2628.6999511719,2496.098822882049
2024-12-23,2612.3000488281,2510.8397245186825
2024-12-24,2620.0,2508.3212333885685
2024-12-26,2638.8000488281,2528.2927423094575
2024-12-27,2617.1999511719,2549.029892356861
2024-12-30,2606.1000976562,2537.09158913909
2024-12-31,2629.1999511719,2535.0308862595048
2025-01-02,2658.8999023438,2533.650013767164
2025-01-03,2644.9999999999995,2537.2277368329333
2025-01-06,2638.3999023438,2515.646086688156
2025-01-07,2656.6999511719,2504.3068932611563
2025-01-08,2664.5,2524.24525546889
2025-01-09,2683.8000488281,2525.629162781439
2025-01-10,2708.5,2543.2138847525543
2025-01-13,2673.5,2539.9823134849676
2025-01-14,2677.5,2526.5819920857975
2025-01-15,2712.5,2521.063447612354
2025-01-16,2746.3999023438,2534.9490728615624
2025-01-17,2744.3000488281,2571.302055689055
2025-01-21,2755.0,2583.878618390767
2025-01-22,2767.6000976562,2573.8928211865455
2025-01-23,2763.1000976562,2567.771500899469
2025-01-24,2777.3000488281,2565.173134509851
2025-01-27,2737.4999999999995,2592.173111548799
2025-01-28,2766.8000488281,2576.7415452031137
2025-01-29,2769.1000976562,2574.0063863158507
2025-01-30,2823.0,2580.4934136981237
2025-01-31,2812.5,2608.0948207822007
2025-02-03,2833.8999023438,2622.9425203138903
2025-02-04,2853.3000488281004,2630.1296066857494
2025-02-05,2871.6000976562,2641.5925728418833
2025-02-06,2856.0,2640.4277955065663
2025-02-07,2867.3000488281,2645.3902377421546
2025-02-10,2914.3000488281,2656.9167406377687
2025-02-11,2912.5,2669.0968953242154
2025-02-12,2909.0,2665.7049880478053
2025-02-13,2925.8999023438,2667.706574505388
2025-02-14,2883.6000976562,2684.0162245068814
2025-02-18,2931.6000976562,2682.088544832961
2025-02-19,2919.3999023438,2709.9916325562726
2025-02-20,2940.0,2697.503793100072
2025-02-21,2937.6000976562,2709.873199516153
2025-02-24,2947.8999023438,2705.8336055485365
2025-02-25,2904.5,2730.2561763687545
2025-02-26,2916.8000488281,2721.806857212883
2025-02-27,2883.1999511719,2729.769116355015
2025-02-28,2836.8000488281,2719.931732206744
2025-03-03,2890.1999511719,2708.4307170562247
2025-03-04,2909.6000976562,2713.542474776525
2025-03-05,2915.3000488281,2723.685654235867
2025-03-06,2916.6000976562,2731.6520989453966
2025-03-07,2904.6999511719,2732.013792564329
2025-03-10,2891.0,2735.1238650658584
2025-03-11,2912.8999023438,2741.506389597945
2025-03-12,2939.1000976562,2735.269100591674
2025-03-13,2984.3000488281,2742.0488602970204
2025-03-14,2994.5,2750.662041645125
2025-03-17,3000.0,2746.6889355218664
2025-03-18,3035.1000976562,2743.9097826377238
2025-03-19,3035.8999023438,2774.730979207598
2025-03-20,3040.0,2784.631943923823
2025-03-21,3018.1999511719,2791.2771612396855
2025-03-24,3013.1000976562,2764.6545575217438
2025-03-25,3023.6999511719,2758.222958719405
2025-03-26,3020.8999023438,2772.347303507241
2025-03-27,3060.1999511719,2783.625681953349
2025-03-28,3086.5,2806.3221650459323
2025-03-31,3122.8000488281,2819.16868988392
2025-04-01,3118.8999023438,2848.8521221144597
2025-04-02,3139.8999023438,2837.856974628982
2025-04-03,3097.0,2853.165191942983
2025-04-04,3012.0,2835.020967653801
2025-04-07,2951.3000488280995,2796.8878938104976
2025-04-08,2968.3999023438,2775.5643696844945
2025-04-09,3056.5,2792.527428956407
2025-04-10,3155.1999511719,2842.0217646550363
2025-04-11,3222.1999511719,2875.6958958109785
2025-04-14,3204.8000488281,2896.166882652566
2025-04-15,3218.6999511719,2895.826612418087
2025-04-16,3326.6000976562,2900.96731204684
2025-04-17,3308.6999511719,2941.726085034056
2025-04-21,3406.1999511719,2945.08990382341
2025-04-22,3400.8000488281,2953.462885978313
2025-04-23,3276.3000488281,2926.2313310256372
2025-04-24,3332.0,2908.657965928588
2025-04-25,3282.3999023438,2939.874479309511
2025-04-28,3332.5,2959.841625492052
2025-04-29,3318.8000488281,2970.837811264791
2025-04-30,3305.0,2976.504700268983
2025-05-01,3210.0,2984.595887146857
2025-05-02,3231.8999023437996,2981.0972411565826
2025-05-05,3311.3000488281,3001.6305502818936
2025-05-06,3411.3999023437996,3055.9183736151117
2025-05-07,3381.3999023438,3079.2195620984367
2025-05-08,3296.6000976562,3072.780671200274
2025-05-09,3335.3999023438,3030.013928204422
2025-05-12,3220.0,3031.80475758635
2025-05-13,3240.3000488281,3000.510133947647
2025-05-14,3181.3999023438,2970.65257319478
2025-05-15,3220.6999511719,2943.642308477442
2025-05-16,3182.0,2962.870008099129
2025-05-19,3228.8999023438,2997.4732476882486
2025-05-20,3280.3000488281004,3037.604598330088
2025-05-21,3309.3000488281,3060.1817549841244
2025-05-22,3292.3000488281,3049.8074946339525
2025-05-23,3363.6000976561995,3051.1057774609594
2025-05-27,3299.1000976562,3036.445679947471
2025-05-28,3293.6000976562,3054.2530478754793
2025-05-29,3317.1000976562,3037.943775739612
2025-05-30,3288.8999023438,3003.664750304798
2025-06-02,3370.6000976562,2983.0661673035024
2025-06-03,3350.1999511719,3006.463953077836
2025-06-04,3373.5,3041.2071114847
2025-06-05,3350.6999511719,3050.0920165314346
2025-06-06,3322.6999511719,3055.2607870613033
2025-06-09,3332.1000976562,3024.4924878951656
2025-06-10,3320.8999023438,3027.5031038211832
2025-06-11,3321.3000488281,3019.4855378330885
2025-06-12,3380.8999023438,3094.103477097687
2025-06-13,3431.1999511719,3080.6540159839656
2025-06-16,3396.3999023438,3097.6274625137285
2025-06-17,3386.6000976562,3074.1478345590394
2025-06-18,3389.8000488281,3072.35339262776
2025-06-20,3368.1000976562,3071.305992338731
2025-06-23,3377.6999511718996,3049.111087099603
2025-06-24,3317.3999023438,3074.6390722571364
2025-06-25,3327.1000976562,3039.8366417718316
2025-06-26,3333.5,3048.9769268837863
2025-06-27,3273.6999511719,3067.719030032591
2025-06-30,3294.3999023438005,3073.855872952509
2025-07-01,3336.6999511719,3078.159761147291
2025-07-02,3348.0,3096.947149665646
2025-07-03,3331.6000976562,3090.042044425937
2025-07-04,3332.5,3076.7072562066483
2025-07-07,3332.1999511719,3059.555803808387
2025-07-08,3307.0,3071.6816580938416
2025-07-09,3311.6000976562,3064.65791493491
2025-07-10,3317.3999023438,3060.061498813376
2025-07-11,3356.0,3061.608399314425
2025-07-14,3351.5,3067.388952429902
2025-07-15,3329.8000488281,3056.744431945184
2025-07-16,3352.5,3046.20859299157
2025-07-17,3340.1000976562,3062.70197882835
2025-07-18,3353.0,3058.664589084025
2025-07-21,3401.8999023438,3069.8301479173583
2025-07-22,3439.1999511719,3091.7876479325405
2025-07-23,3394.1000976562,3105.559574274251
2025-07-24,3371.0,3090.5999831696895
2025-07-25,3334.0,3062.472357335415
2025-07-28,3309.1000976562,3061.4887346515848
2025-07-29,3323.3999023438,3067.014247255299
2025-07-30,3295.8000488281,3058.2961415291243
2025-07-31,3293.1999511719,3044.8561520258245
2025-08-01,3347.6999511719,3050.020883867308
2025-08-04,3374.3999023438,3069.0157267643235
2025-08-05,3381.8999023438,3082.1257632335805
2025-08-06,3380.0,3102.8300227122454
2025-08-07,3400.3000488281,3110.19324708319
2025-08-08,3439.1000976562,3101.7199524521243
2025-08-11,3353.1000976562,3095.538863063919
2025-08-12,3348.8999023438,3072.428757295648
2025-08-13,3358.6999511718996,3063.8123595767024
2025-08-14,3335.1999511719,3052.580119235794
2025-08-15,3336.0,3052.8902973013537
2025-08-18,3331.6999511719,3073.6358913916324
2025-08-19,3313.3999023438,3078.8476975382696
2025-08-20,3343.3999023438005,3079.038843055859
2025-08-21,3336.8999023438,3075.5400242448086
2025-08-22,3374.3999023438,3080.8087059190275
2025-08-25,3373.8000488281,3095.1047845425846
2025-08-26,3388.6000976562,3099.4585279235043
2025-08-27,3404.6000976562,3112.654175734856
2025-08-28,3431.8000488281,3096.6135324658308
2025-08-29,3473.6999511719,3105.1761203473798
2025-09-02,3549.3999023438,3105.140616692961
2025-09-03,3593.1999511719,3117.043286515158
2025-09-04,3565.8000488281,3135.0763053393734
2025-09-05,3613.1999511719,3137.086295342574
2025-09-08,3638.1000976562,3152.719234919634
2025-09-09,3643.3000488281,3169.4166420543884
2025-09-10,3643.6000976562,3193.9886220753565
2025-09-11,3636.8999023438,3210.7788183048465
2025-09-12,3649.3999023438,3194.105401449839
2025-09-15,3682.1999511719,3219.8487083565747
2025-09-16,3688.8999023438,3254.1707665368363
2025-09-17,3681.8000488281,3264.8562668431923
2025-09-18,3643.6999511719,3262.0482765560982
2025-09-19,3671.5,3255.3033640783356
2025-09-22,3740.6999511719,3278.9833966252118
2025-09-23,3780.6000976562,3308.067265561779
2025-09-24,3732.1000976562,3335.2544955026888
2025-09-25,3736.8999023438,3321.567178249215
2025-09-26,3775.3000488281004,3315.466718863242
2025-09-29,3820.8999023438,3332.092508347449
2025-09-30,3840.8000488281,3375.5523340352406
2025-10-01,3867.5,3387.594623974653
2025-10-02,3839.6999511719,3384.71945386149
2025-10-03,3880.8000488281,3371.950648968546
2025-10-06,3948.5,3401.936059788335
2025-10-07,3976.6000976562,3437.101176512722
2025-10-08,4043.3000488281,3475.8237861806588
2025-10-09,3946.3000488281,3484.9629647376496
2025-10-10,3975.8999023438,3463.3896689907747
2025-10-13,4108.6000976562,3475.7405866061404
2025-10-14,4138.7001953125,3535.606280170985
2025-10-15,4176.8999023438,3560.811171260062
2025-10-16,4280.2001953125,3538.02596618932
2025-10-17,4189.8999023438,3553.1579516013458
2025-10-20,4336.3999023438,3575.859100233557
2025-10-21,4087.6999511719,3613.9555326105756
2025-10-22,4044.3999023438,3577.5534701141532
2025-10-23,4125.5,3581.818874139047
2025-10-24,4118.3999023438,3593.3521691700794
2025-10-27,4001.8999023438,3631.174585938323
2025-10-28,3966.1999511719,3643.5218534683713
2025-10-29,3983.6999511719,3654.7708042539566
2025-10-30,4001.3000488281,3661.6462324587073
2025-10-31,3982.1999511719,3652.8764320258524
2025-11-03,4000.3000488281,3667.4066224674125
2025-11-04,3947.6999511719,3677.5900183490107
2025-11-05,3980.3000488281,3636.0124220142047
2025-11-06,3979.8999023438,3642.0056993261305
2025-11-07,3999.3999023438,3591.36077404965
2025-11-10,4111.7998046875,3650.3180683816963
2025-11-11,4106.7998046875,3648.5280715283857
2025-11-12,4204.3999023438,3647.106136789177
2025-11-13,4186.8999023438,3678.9355757936805
2025-11-14,4087.6000976562,3652.5144140626667
2025-11-17,4068.3000488281,3633.7633483261357
2025-11-18,4061.3000488281,3623.416594027264
2025-11-19,4077.6999511719,3604.0242191375924
2025-11-20,4056.5,3667.519283269354
2025-11-21,4076.6999511718996,3645.0520078875643
2025-11-24,4091.8999023438,3658.962944760817
2025-11-25,4139.2001953125,3677.527109164508
2025-11-26,4165.2001953125,3678.638756305154
2025-11-28,4218.2998046875,3683.050938393403
2025-12-01,4239.2998046875,3687.6840863846323
2025-12-02,4186.6000976562,3749.578243518707
2025-12-03,4199.2998046875,3694.218407815978
2025-12-04,4211.7998046875,3666.380429405845
2025-12-05,4212.8999023438,3683.323340282695
2025-12-08,4187.2001953125,3711.2163399796354
2025-12-09,4206.7001953125,3709.8537784964046
2025-12-10,4196.3999023438,3707.3794958225963
2025-12-11,4285.5,3715.843707517324
2025-12-12,4300.1000976562,3765.626296299624
2025-12-15,4306.7001953125,3767.427252838259
2025-12-16,4304.5,3787.542347639491
2025-12-17,4347.5,3802.2087063128083
2025-12-18,4339.5,3819.2466577634827
2025-12-19,4361.3999023438,3838.476921217781
2025-12-22,4444.6000976562,3838.2207316988097
2025-12-23,4482.7998046875,3842.297283776502
2025-12-24,4480.6000976562,3829.0115851696237
2025-12-26,4529.1000976562,3845.050242537037
2025-12-29,4325.100097656199,3890.39291045022
2025-12-30,4370.1000976562,3843.27083893647
2025-12-31,4325.6000976562,3858.3615435967763
2026-01-02,4314.3999023438,3831.575073554252
2026-01-05,4436.8999023438,3882.3631813903526
2026-01-06,4482.2001953125,3911.097063881751
2026-01-07,4449.2998046875,3948.5815457898
2026-01-08,4449.7001953125,3965.737977703621
2026-01-09,4490.2998046875,3946.1305746830953
2026-01-12,4604.2998046875,3955.819154906607
2026-01-13,4589.2001953125,3993.272541408017
2026-01-14,4626.2998046875,3977.0132660844174
2026-01-15,4616.2998046875,3980.714941525653
2026-01-16,4588.3999023438,3952.864437501902
2026-01-20,4759.6000976562,3984.955592170033
2026-01-21,4831.7998046875,4042.474373598364
2026-01-22,4908.7998046875,4105.173043348372
2026-01-23,4976.2001953125,4116.02242830192
2026-01-26,5079.7001953125,4127.715496682693
2026-01-27,5079.899902343801,4174.393716902233
2026-01-28,5301.6000976562,4183.852373390157
2026-01-29,5318.3999023438,4193.224872777734
2026-01-30,4713.8999023438,4192.769129967123
2026-02-02,4622.5,4099.423719962192
2026-02-03,4903.7001953125,4126.867579613956
2026-02-04,4920.3999023438,4234.811360900406
2026-02-05,4861.3999023438,4301.662562656857
2026-02-06,4951.2001953125,4264.088474382995
2026-02-09,5050.8999023438,4283.60795539343
2026-02-10,5003.7998046875,4390.977442333839
2026-02-11,5071.6000976562,4440.693405464849
2026-02-12,4923.7001953125,4487.313283768512
2026-02-13,5022.0,4418.494446449636
2026-02-17,4882.8999023438,4344.973345276424
2026-02-18,4986.5,4260.328541114495
2026-02-19,4975.8999023438,4358.125727872996
2026-02-20,5059.2998046875,4408.144331253277
2026-02-23,5204.7001953125,4433.934537950647
2026-02-24,5155.7998046875,4426.543457472289
2026-02-25,5206.3999023438,4402.871359242716
2026-02-26,5176.5,4503.990822509499
2026-02-27,5230.5,4537.26565678501
2026-03-02,5294.3999023438,4498.773094175478
2026-03-03,5107.3999023438,4496.315357085583
2026-03-04,5120.200195312501,4512.786024313099
2026-03-05,5065.2998046875,4523.110136919903
2026-03-06,5146.1000976562,4475.246789336769
2026-03-09,5091.5,4610.573373707592
2026-03-10,5229.7001953125,4470.951560435573
2026-03-11,5167.3999023438,4409.520729218099
2026-03-12,5115.7998046875,4448.815300609381
2026-03-13,5052.5,4589.754437226678
2026-03-16,4994.0,4562.744493807208
2026-03-17,5001.0,4503.594922964103
2026-03-18,4889.8999023438,4517.430415182973
2026-03-19,4600.7001953125,4474.063062974741
2026-03-20,4570.3999023438,4344.089823452888
2026-03-23,4404.1000976562,4324.868493720819
2026-03-24,4399.2998046875,4250.459288903964
2026-03-25,4549.7998046875,4257.941979600511
2026-03-26,4375.5,4272.492380653566
2026-03-27,4492.0,4217.929484192515
2026-03-30,4526.0,4248.753845770315
2026-03-31,4647.6000976562,4227.485673037051
2026-04-01,4783.2001953125,4277.570004319186
2026-04-02,4651.5,4284.944724173508
2026-04-06,4656.7998046875,4144.140574065572
2026-04-07,4657.1000976562,4115.551628772239
2026-04-08,4749.5,4063.9071968901626
2026-04-09,4792.2001953125,4135.131006167714
2026-04-10,4761.8999023438,4082.440831006528
2026-04-13,4742.3999023438,4073.188853310429
2026-04-14,4825.0,4079.458455945227
2026-04-15,4800.0,4113.284953950659
2026-04-16,4785.3999023438,4211.404238608669
2026-04-17,4857.6000976562,4185.880780433305
2026-04-20,4806.6000976562,4223.70911116409
2026-04-21,4698.3999023438,4171.006334352039
2026-04-22,4732.5,4151.8493598362475
2026-04-23,4705.1000976562,4224.691993480078
2026-04-24,4722.2998046875,4202.795839990626
2026-04-27,4675.3999023438,4169.636441428033
2026-04-28,4591.5,4112.898079588651
2026-04-29,4545.2001953125,4078.7848678003165
2026-04-30,4614.7001953125,4119.721524918159
2026-05-01,4629.8999023438,4161.497427489485
2026-05-04,4519.5,4171.766322166659
2026-05-05,4555.7998046875,4141.454793668967
2026-05-06,4681.8999023438,4113.62289925519
2026-05-07,4699.7998046875,4193.852661375166
2026-05-08,4720.3999023438,4220.466457754634
2026-05-11,4718.7001953125,4210.769749391087
2026-05-12,4677.6000976562,4146.4286995073335
2026-05-13,4697.7001953125,4102.916083157786
2026-05-14,4678.1000976562,4121.7667875164825
2026-05-15,4555.7998046875,4160.222979316773
2026-05-18,4560.2998046875,4114.782761602624
